{"strategy":{"GeneratedStrategy":{"trades":[{"pair":"BTC/USDT","stake_amount":99.6469485,"max_stake_amount":99.6469485,"amount":0.00121,"open_date":"2025-04-10 01:00:00+00:00","close_date":"2025-04-10 20:00:00+00:00","open_rate":82352.85,"close_rate":79647.37,"fee_open":0.001,"fee_close":0.001,"trade_duration":1140,"profit_ratio":-0.03478465660305578,"profit_abs":-3.46965107,"exit_reason":"exit_signal","initial_stop_loss_abs":74117.57,"initial_stop_loss_ratio":-0.1,"stop_loss_abs":74117.57,"stop_loss_ratio":-0.1,"min_rate":78464.36,"max_rate":82600.0,"is_open":false,"enter_tag":"","leverage":1.0,"is_short":false,"open_timestamp":1744246800000,"close_timestamp":1744315200000,"orders":[{"amount":0.00121,"safe_price":82352.85,"ft_order_side":"buy","order_filled_timestamp":1744246800000,"ft_is_entry":true,"ft_order_tag":"","cost":99.74659544849999},{"amount":0.00121,"safe_price":79647.37,"ft_order_side":"sell","order_filled_timestamp":1744315200000,"ft_is_entry":false,"ft_order_tag":"exit_signal","cost":96.46969101769997}],"funding_fees":0.0},{"pair":"BTC/USDT","stake_amount":99.4924122,"max_stake_amount":99.4924122,"amount":0.00123,"open_date":"2025-04-11 05:00:00+00:00","close_date":"2025-04-11 08:00:00+00:00","open_rate":80888.14,"close_rate":81859.7693093093,"fee_open":0.001,"fee_close":0.001,"trade_duration":180,"profit_ratio":0.009990009969928037,"profit_abs":0.99492412,"exit_reason":"roi","initial_stop_loss_abs":72799.33,"initial_stop_loss_ratio":-0.1,"stop_loss_abs":72799.33,"stop_loss_ratio":-0.1,"min_rate":80512.22,"max_rate":81936.71,"is_open":false,"enter_tag":"","leverage":1.0,"is_short":false,"open_timestamp":1744347600000,"close_timestamp":1744358400000,"orders":[{"amount":0.00123,"safe_price":80888.14,"ft_order_side":"buy","order_filled_timestamp":1744347600000,"ft_is_entry":true,"ft_order_tag":"","cost":99.5919046122},{"amount":0.00123,"safe_price":81859.7693093093,"ft_order_side":"sell","order_filled_timestamp":1744358400000,"ft_is_entry":false,"ft_order_tag":"roi","cost":100.78820376670087}],"funding_fees":0.0},{"pair":"BTC/USDT","stake_amount":99.5909058,"max_stake_amount":99.5909058,"amount":0.00122,"open_date":"2025-04-11 09:00:00+00:00","close_date":"2025-04-11 10:00:00+00:00","open_rate":81631.89,"close_rate":82612.45324324323,"fee_open":0.001,"fee_close":0.001,"trade_duration":60,"profit_ratio":0.009990010010072083,"profit_abs":0.99590906,"exit_reason":"roi","initial_stop_loss_abs":73468.71,"initial_stop_loss_ratio":-0.1,"stop_loss_abs":73468.71,"stop_loss_ratio":-0.1,"min_rate":81450.0,"max_rate":82985.71,"is_open":false,"enter_tag":"","leverage":1.0,"is_short":false,"open_timestamp":1744362000000,"close_timestamp":1744365600000,"orders":[{"amount":0.00122,"safe_price":81631.89,"ft_order_side":"buy","order_filled_timestamp":1744362000000,"ft_is_entry":true,"ft_order_tag":"","cost":99.69049670579999},{"amount":0.00122,"safe_price":82612.45324324323,"ft_order_side":"sell","order_filled_timestamp":1744365600000,"ft_is_entry":false,"ft_order_tag":"roi","cost":100.88798014971348}],"funding_fees":0.0},{"pair":"BTC/USDT","stake_amount":99.24822,"max_stake_amount":99.24822,"amount":0.0012,"open_date":"2025-04-11 11:00:00+00:00","close_date":"2025-04-11 17:00:00+00:00","open_rate":82706.85,"close_rate":83700.32567567566,"fee_open":0.001,"fee_close":0.001,"trade_duration":360,"profit_ratio":0.00999000999000999,"profit_abs":0.9924822,"exit_reason":"roi","initial_stop_loss_abs":74436.17,"initial_stop_loss_ratio":-0.1,"stop_loss_abs":74436.17,"stop_loss_ratio":-0.1,"min_rate":81341.22,"max_rate":84073.0,"is_open":false,"enter_tag":"","leverage":1.0,"is_short":false,"open_timestamp":1744369200000,"close_timestamp":1744390800000,"orders":[{"amount":0.0012,"safe_price":82706.85,"ft_order_side":"buy","order_filled_timestamp":1744369200000,"ft_is_entry":true,"ft_order_tag":"","cost":99.34746822},{"amount":0.0012,"safe_price":83700.32567567566,"ft_order_side":"sell","order_filled_timestamp":1744390800000,"ft_is_entry":false,"ft_order_tag":"roi","cost":100.54083120162159}],"funding_fees":0.0},{"pair":"BTC/USDT","stake_amount":99.8767,"max_stake_amount":99.8767,"amount":0.00119,"open_date":"2025-04-11 18:00:00+00:00","close_date":"2025-04-12 14:00:00+00:00","open_rate":83930.0,"close_rate":84938.16816816817,"fee_open":0.001,"fee_close":0.001,"trade_duration":1200,"profit_ratio":0.00999000999000999,"profit_abs":0.998767,"exit_reason":"roi","initial_stop_loss_abs":75537.0,"initial_stop_loss_ratio":-0.1,"stop_loss_abs":75537.0,"stop_loss_ratio":-0.1,"min_rate":82792.95,"max_rate":85251.0,"is_open":false,"enter_tag":"","leverage":1.0,"is_short":false,"open_timestamp":1744394400000,"close_timestamp":1744466400000,"orders":[{"amount":0.00119,"safe_price":83930.0,"ft_order_side":"buy","order_filled_timestamp":1744394400000,"ft_is_entry":true,"ft_order_tag":"","cost":99.97657670000001},{"amount":0.00119,"safe_price":84938.16816816817,"ft_order_side":"sell","order_filled_timestamp":1744466400000,"ft_is_entry":false,"ft_order_tag":"roi","cost":101.17749654024023}],"funding_fees":0.0},{"pair":"BTC/USDT","stake_amount":99.2484675,"max_stake_amount":99.2484675,"amount":0.00117,"open_date":"2025-04-12 15:00:00+00:00","close_date":"2025-04-12 20:00:00+00:00","open_rate":84827.75,"close_rate":85846.70195195194,"fee_open":0.001,"fee_close":0.001,"trade_duration":300,"profit_ratio":0.009990009939681707,"profit_abs":0.99248467,"exit_reason":"roi","initial_stop_loss_abs":76344.98,"initial_stop_loss_ratio":-0.1,"stop_loss_abs":76344.98,"stop_loss_ratio":-0.1,"min_rate":84421.95,"max_rate":85905.0,"is_open":false,"enter_tag":"","leverage":1.0,"is_short":false,"open_timestamp":1744470000000,"close_timestamp":1744488000000,"orders":[{"amount":0.00117,"safe_price":84827.75,"ft_order_side":"buy","order_filled_timestamp":1744470000000,"ft_is_entry":true,"ft_order_tag":"","cost":99.3477159675},{"amount":0.00117,"safe_price":85846.70195195194,"ft_order_side":"sell","order_filled_timestamp":1744488000000,"ft_is_entry":false,"ft_order_tag":"roi","cost":100.54108192506754}],"funding_fees":0.0},{"pair":"BTC/USDT","stake_amount":99.2000448,"max_stake_amount":99.2000448,"amount":0.00116,"open_date":"2025-04-12 21:00:00+00:00","close_date":"2025-04-13 16:00:00+00:00","open_rate":85517.28,"close_rate":83849.66,"fee_open":0.001,"fee_close":0.001,"trade_duration":1140,"profit_ratio":-0.021459426537739565,"profit_abs":-2.13090485,"exit_reason":"exit_signal","initial_stop_loss_abs":76965.56,"initial_stop_loss_ratio":-0.1,"stop_loss_abs":76965.56,"stop_loss_ratio":-0.1,"min_rate":83480.67,"max_rate":86100.0,"is_open":false,"enter_tag":"","leverage":1.0,"is_short":false,"open_timestamp":1744491600000,"close_timestamp":1744560000000,"orders":[{"amount":0.00116,"safe_price":85517.28,"ft_order_side":"buy","order_filled_timestamp":1744491600000,"ft_is_entry":true,"ft_order_tag":"","cost":99.29924484479999},{"amount":0.00116,"safe_price":83849.66,"ft_order_side":"sell","order_filled_timestamp":1744560000000,"ft_is_entry":false,"ft_order_tag":"exit_signal","cost":97.36287120559999}],"funding_fees":0.0},{"pair":"BTC/USDT","stake_amount":99.9814,"max_stake_amount":99.9814,"amount":0.00118,"open_date":"2025-04-13 19:00:00+00:00","close_date":"2025-04-13 20:00:00+00:00","open_rate":84730.0,"close_rate":83981.32,"fee_open":0.001,"fee_close":0.001,"trade_duration":60,"profit_ratio":-0.010816415050002498,"profit_abs":-1.08252176,"exit_reason":"exit_signal","initial_stop_loss_abs":76257.0,"initial_stop_loss_ratio":-0.1,"stop_loss_abs":76257.0,"stop_loss_ratio":-0.1,"min_rate":83050.0,"max_rate":84730.0,"is_open":false,"enter_tag":"","leverage":1.0,"is_short":false,"open_timestamp":1744570800000,"close_timestamp":1744574400000,"orders":[{"amount":0.00118,"safe_price":84730.0,"ft_order_side":"buy","order_filled_timestamp":1744570800000,"ft_is_entry":true,"ft_order_tag":"","cost":100.0813814},{"amount":0.00118,"safe_price":83981.32,"ft_order_side":"sell","order_filled_timestamp":1744574400000,"ft_is_entry":false,"ft_order_tag":"exit_signal","cost":99.19705555760001}],"funding_fees":0.0},{"pair":"BTC/USDT","stake_amount":99.2970927,"max_stake_amount":99.2970927,"amount":0.00117,"open_date":"2025-04-14 05:00:00+00:00","close_date":"2025-04-15 08:00:00+00:00","open_rate":84869.31,"close_rate":85888.76117117117,"fee_open":0.001,"fee_close":0.001,"trade_duration":1620,"profit_ratio":0.009990010020192173,"profit_abs":0.99297093,"exit_reason":"roi","initial_stop_loss_abs":76382.38,"initial_stop_loss_ratio":-0.1,"stop_loss_abs":76382.38,"stop_loss_ratio":-0.1,"min_rate":83709.25,"max_rate":85990.0,"is_open":false,"enter_tag":"","leverage":1.0,"is_short":false,"open_timestamp":1744606800000,"close_timestamp":1744704000000,"orders":[{"amount":0.00117,"safe_price":84869.31,"ft_order_side":"buy","order_filled_timestamp":1744606800000,"ft_is_entry":true,"ft_order_tag":"","cost":99.39638979269998},{"amount":0.00117,"safe_price":85888.76117117117,"ft_order_side":"sell","order_filled_timestamp":1744704000000,"ft_is_entry":false,"ft_order_tag":"roi","cost":100.59034042084052}],"funding_fees":0.0},{"pair":"BTC/USDT","stake_amount":99.586,"max_stake_amount":99.586,"amount":0.00116,"open_date":"2025-04-15 09:00:00+00:00","close_date":"2025-04-15 19:00:00+00:00","open_rate":85850.0,"close_rate":84196.0,"fee_open":0.001,"fee_close":0.001,"trade_duration":600,"profit_ratio":-0.021225670078320047,"profit_abs":-2.11589336,"exit_reason":"exit_signal","initial_stop_loss_abs":77265.0,"initial_stop_loss_ratio":-0.1,"stop_loss_abs":77265.0,"stop_loss_ratio":-0.1,"min_rate":83921.19,"max_rate":86496.42,"is_open":false,"enter_tag":"","leverage":1.0,"is_short":false,"open_timestamp":1744707600000,"close_timestamp":1744743600000,"orders":[{"amount":0.00116,"safe_price":85850.0,"ft_order_side":"buy","order_filled_timestamp":1744707600000,"ft_is_entry":true,"ft_order_tag":"","cost":99.68558599999999},{"amount":0.00116,"safe_price":84196.0,"ft_order_side":"sell","order_filled_timestamp":1744743600000,"ft_is_entry":false,"ft_order_tag":"exit_signal","cost":97.76502735999999}],"funding_fees":0.0},{"pair":"BTC/USDT","stake_amount":99.5067918,"max_stake_amount":99.5067918,"amount":0.00117,"open_date":"2025-04-16 17:00:00+00:00","close_date":"2025-04-16 18:00:00+00:00","open_rate":85048.54,"close_rate":83281.21,"fee_open":0.001,"fee_close":0.001,"trade_duration":60,"profit_ratio":-0.02273673394170719,"profit_abs":-2.26472191,"exit_reason":"exit_signal","initial_stop_loss_abs":76543.69,"initial_stop_loss_ratio":-0.1,"stop_loss_abs":76543.69,"stop_loss_ratio":-0.1,"min_rate":83275.0,"max_rate":85500.0,"is_open":false,"enter_tag":"","leverage":1.0,"is_short":false,"open_timestamp":1744822800000,"close_timestamp":1744826400000,"orders":[{"amount":0.00117,"safe_price":85048.54,"ft_order_side":"buy","order_filled_timestamp":1744822800000,"ft_is_entry":true,"ft_order_tag":"","cost":99.6062985918},{"amount":0.00117,"safe_price":83281.21,"ft_order_side":"sell","order_filled_timestamp":1744826400000,"ft_is_entry":false,"ft_order_tag":"exit_signal","cost":97.5364547157}],"funding_fees":0.0},{"pair":"BTC/USDT","stake_amount":99.7635248,"max_stake_amount":99.7635248,"amount":0.00118,"open_date":"2025-04-16 22:00:00+00:00","close_date":"2025-04-18 15:00:00+00:00","open_rate":84545.36,"close_rate":84583.13,"fee_open":0.001,"fee_close":0.001,"trade_duration":2460,"profit_ratio":-0.0015521521732376864,"profit_abs":-0.15500302,"exit_reason":"exit_signal","initial_stop_loss_abs":76090.83,"initial_stop_loss_ratio":-0.1,"stop_loss_abs":76090.83,"stop_loss_ratio":-0.1,"min_rate":83736.26,"max_rate":85470.01,"is_open":false,"enter_tag":"","leverage":1.0,"is_short":false,"open_timestamp":1744840800000,"close_timestamp":1744988400000,"orders":[{"amount":0.00118,"safe_price":84545.36,"ft_order_side":"buy","order_filled_timestamp":1744840800000,"ft_is_entry":true,"ft_order_tag":"","cost":99.86328832479998},{"amount":0.00118,"safe_price":84583.13,"ft_order_side":"sell","order_filled_timestamp":1744988400000,"ft_is_entry":false,"ft_order_tag":"exit_signal","cost":99.90790149339999}],"funding_fees":0.0},{"pair":"BTC/USDT","stake_amount":99.3139524,"max_stake_amount":99.3139524,"amount":0.00117,"open_date":"2025-04-19 04:00:00+00:00","close_date":"2025-04-20 00:00:00+00:00","open_rate":84883.72,"close_rate":85077.0,"fee_open":0.001,"fee_close":0.001,"trade_duration":1200,"profit_ratio":0.0002744458662416873,"profit_abs":0.02728356,"exit_reason":"force_exit","initial_stop_loss_abs":76395.35,"initial_stop_loss_ratio":-0.1,"stop_loss_abs":76395.35,"stop_loss_ratio":-0.1,"min_rate":84694.49,"max_rate":85677.99,"is_open":false,"enter_tag":"","leverage":1.0,"is_short":false,"open_timestamp":1745035200000,"close_timestamp":1745107200000,"orders":[{"amount":0.00117,"safe_price":84883.72,"ft_order_side":"buy","order_filled_timestamp":1745035200000,"ft_is_entry":true,"ft_order_tag":"","cost":99.4132663524},{"amount":0.00117,"safe_price":85077.0,"ft_order_side":"sell","order_filled_timestamp":1745107200000,"ft_is_entry":false,"ft_order_tag":"force_exit","cost":99.63963009}],"funding_fees":0.0}],"locks":[],"best_pair":{"key":"BTC/USDT","trades":13,"profit_mean":-0.004027734507532854,"profit_mean_pct":-0.4,"profit_sum":-0.052360548597927103,"profit_sum_pct":-5.24,"profit_total_abs":-5.2238744299999995,"profit_total":-0.00522387443,"profit_total_pct":-0.52,"duration_avg":"13:18:00","wins":7,"draws":0,"losses":6,"winrate":0.5384615384615384,"cagr":-0.1740088168659446,"expectancy":-0.4018364946153848,"expectancy_ratio":-0.21491080372795845,"sortino":-9.659844421230021,"sharpe":-6.440336071602659,"calmar":-147.94416830245353,"sqn":-0.8983,"profit_factor":0.5343599252560901,"max_drawdown_account":0.006745921924296283,"max_drawdown_abs":6.75607397},"worst_pair":{"key":"BTC/USDT","trades":13,"profit_mean":-0.004027734507532854,"profit_mean_pct":-0.4,"profit_sum":-0.052360548597927103,"profit_sum_pct":-5.24,"profit_total_abs":-5.2238744299999995,"profit_total":-0.00522387443,"profit_total_pct":-0.52,"duration_avg":"13:18:00","wins":7,"draws":0,"losses":6,"winrate":0.5384615384615384,"cagr":-0.1740088168659446,"expectancy":-0.4018364946153848,"expectancy_ratio":-0.21491080372795845,"sortino":-9.659844421230021,"sharpe":-6.440336071602659,"calmar":-147.94416830245353,"sqn":-0.8983,"profit_factor":0.5343599252560901,"max_drawdown_account":0.006745921924296283,"max_drawdown_abs":6.75607397},"results_per_pair":[{"key":"BTC/USDT","trades":13,"profit_mean":-0.004027734507532854,"profit_mean_pct":-0.4,"profit_sum":-0.052360548597927103,"profit_sum_pct":-5.24,"profit_total_abs":-5.2238744299999995,"profit_total":-0.00522387443,"profit_total_pct":-0.52,"duration_avg":"13:18:00","wins":7,"draws":0,"losses":6,"winrate":0.5384615384615384,"cagr":-0.1740088168659446,"expectancy":-0.4018364946153848,"expectancy_ratio":-0.21491080372795845,"sortino":-9.659844421230021,"sharpe":-6.440336071602659,"calmar":-147.94416830245353,"sqn":-0.8983,"profit_factor":0.5343599252560901,"max_drawdown_account":0.006745921924296283,"max_drawdown_abs":6.75607397},{"key":"TOTAL","trades":13,"profit_mean":-0.004027734507532854,"profit_mean_pct":-0.4,"profit_sum":-0.052360548597927103,"profit_sum_pct":-5.24,"profit_total_abs":-5.2238744299999995,"profit_total":-0.00522387443,"profit_total_pct":-0.52,"duration_avg":"13:18:00","wins":7,"draws":0,"losses":6,"winrate":0.5384615384615384,"cagr":-0.1740088168659446,"expectancy":-0.4018364946153848,"expectancy_ratio":-0.21491080372795845,"sortino":-9.659844421230021,"sharpe":-6.440336071602659,"calmar":-147.94416830245353,"sqn":-0.8983,"profit_factor":0.5343599252560901,"max_drawdown_account":0.006745921924296283,"max_drawdown_abs":6.75607397}],"results_per_enter_tag":[{"key":"","trades":13,"profit_mean":-0.004027734507532854,"profit_mean_pct":-0.4,"profit_sum":-0.052360548597927103,"profit_sum_pct":-5.24,"profit_total_abs":-5.2238744299999995,"profit_total":-0.00522387443,"profit_total_pct":-0.52,"duration_avg":"13:18:00","wins":7,"draws":0,"losses":6,"winrate":0.5384615384615384,"cagr":-0.1740088168659446,"expectancy":-0.4018364946153848,"expectancy_ratio":-0.21491080372795845,"sortino":-9.659844421230021,"sharpe":-6.440336071602659,"calmar":-147.94416830245353,"sqn":-0.8983,"profit_factor":0.5343599252560901,"max_drawdown_account":0.006745921924296283,"max_drawdown_abs":6.75607397},{"key":"TOTAL","trades":13,"profit_mean":-0.004027734507532854,"profit_mean_pct":-0.4,"profit_sum":-0.052360548597927103,"profit_sum_pct":-5.24,"profit_total_abs":-5.2238744299999995,"profit_total":-0.00522387443,"profit_total_pct":-0.52,"duration_avg":"13:18:00","wins":7,"draws":0,"losses":6,"winrate":0.5384615384615384,"cagr":-0.1740088168659446,"expectancy":-0.4018364946153848,"expectancy_ratio":-0.21491080372795845,"sortino":-9.659844421230021,"sharpe":-6.440336071602659,"calmar":-147.94416830245353,"sqn":-0.8983,"profit_factor":0.5343599252560901,"max_drawdown_account":0.006745921924296283,"max_drawdown_abs":6.75607397}],"exit_reason_summary":[{"key":"roi","trades":6,"profit_mean":0.009990009986648998,"profit_mean_pct":1.0,"profit_sum":0.059940059919893984,"profit_sum_pct":5.99,"profit_total_abs":5.96753798,"profit_total":0.005967537980000001,"profit_total_pct":0.6,"duration_avg":"10:20:00","wins":6,"draws":0,"losses":0,"winrate":1.0,"cagr":0.24255258531592583,"expectancy":0.9945896633333334,"expectancy_ratio":100.0,"sortino":-100,"sharpe":5032.3816732841715,"calmar":-100,"sqn":981.6595,"profit_factor":0.0,"max_drawdown_account":0.0,"max_drawdown_abs":0.0},{"key":"force_exit","trades":1,"profit_mean":0.0002744458662416873,"profit_mean_pct":0.03,"profit_sum":0.0002744458662416873,"profit_sum_pct":0.03,"profit_total_abs":0.02728356,"profit_total":2.7283559999999998e-05,"profit_total_pct":0.0,"duration_avg":"20:00:00","wins":1,"draws":0,"losses":0,"winrate":1.0,"cagr":0.0009963323647361744,"expectancy":0.02728356,"expectancy_ratio":100.0,"sortino":-100,"sharpe":-100,"calmar":-100,"sqn":-100.0,"profit_factor":0.0,"max_drawdown_account":0.0,"max_drawdown_abs":0.0},{"key":"exit_signal","trades":6,"profit_mean":-0.018762509064010464,"profit_mean_pct":-1.88,"profit_sum":-0.11257505438406278,"profit_sum_pct":-11.26,"profit_total_abs":-11.21869597,"profit_total":-0.011218695970000001,"profit_total_pct":-1.12,"duration_avg":"15:10:00","wins":0,"draws":0,"losses":6,"winrate":0.0,"cagr":-0.3375410313051015,"expectancy":-1.8697826616666668,"expectancy_ratio":-1.0,"sortino":-20.745302960752877,"sharpe":-20.745302960752877,"calmar":-191.04973174542803,"sqn":-4.0468,"profit_factor":0.0,"max_drawdown_account":0.01121869597,"max_drawdown_abs":11.21869597},{"key":"TOTAL","trades":13,"profit_mean":-0.004027734507532854,"profit_mean_pct":-0.4,"profit_sum":-0.052360548597927103,"profit_sum_pct":-5.24,"profit_total_abs":-5.2238744299999995,"profit_total":-0.00522387443,"profit_total_pct":-0.52,"duration_avg":"13:18:00","wins":7,"draws":0,"losses":6,"winrate":0.5384615384615384,"cagr":-0.1740088168659446,"expectancy":-0.4018364946153848,"expectancy_ratio":-0.21491080372795845,"sortino":-9.659844421230021,"sharpe":-6.440336071602659,"calmar":-147.94416830245353,"sqn":-0.8983,"profit_factor":0.5343599252560901,"max_drawdown_account":0.006745921924296283,"max_drawdown_abs":6.75607397}],"mix_tag_stats":[{"key":["","roi"],"trades":6,"profit_mean":0.009990009986648998,"profit_mean_pct":1.0,"profit_sum":0.059940059919893984,"profit_sum_pct":5.99,"profit_total_abs":5.96753798,"profit_total":0.005967537980000001,"profit_total_pct":0.6,"duration_avg":"10:20:00","wins":6,"draws":0,"losses":0,"winrate":1.0,"cagr":0.24255258531592583,"expectancy":0.9945896633333334,"expectancy_ratio":100.0,"sortino":-100,"sharpe":5032.3816732841715,"calmar":-100,"sqn":981.6595,"profit_factor":0.0,"max_drawdown_account":0.0,"max_drawdown_abs":0.0},{"key":["","force_exit"],"trades":1,"profit_mean":0.0002744458662416873,"profit_mean_pct":0.03,"profit_sum":0.0002744458662416873,"profit_sum_pct":0.03,"profit_total_abs":0.02728356,"profit_total":2.7283559999999998e-05,"profit_total_pct":0.0,"duration_avg":"20:00:00","wins":1,"draws":0,"losses":0,"winrate":1.0,"cagr":0.0009963323647361744,"expectancy":0.02728356,"expectancy_ratio":100.0,"sortino":-100,"sharpe":-100,"calmar":-100,"sqn":-100.0,"profit_factor":0.0,"max_drawdown_account":0.0,"max_drawdown_abs":0.0},{"key":["","exit_signal"],"trades":6,"profit_mean":-0.018762509064010464,"profit_mean_pct":-1.88,"profit_sum":-0.11257505438406278,"profit_sum_pct":-11.26,"profit_total_abs":-11.21869597,"profit_total":-0.011218695970000001,"profit_total_pct":-1.12,"duration_avg":"15:10:00","wins":0,"draws":0,"losses":6,"winrate":0.0,"cagr":-0.3375410313051015,"expectancy":-1.8697826616666668,"expectancy_ratio":-1.0,"sortino":-20.745302960752877,"sharpe":-20.745302960752877,"calmar":-191.04973174542803,"sqn":-4.0468,"profit_factor":0.0,"max_drawdown_account":0.01121869597,"max_drawdown_abs":11.21869597},{"key":"TOTAL","trades":13,"profit_mean":-0.004027734507532854,"profit_mean_pct":-0.4,"profit_sum":-0.052360548597927103,"profit_sum_pct":-5.24,"profit_total_abs":-5.2238744299999995,"profit_total":-0.00522387443,"profit_total_pct":-0.52,"duration_avg":"13:18:00","wins":7,"draws":0,"losses":6,"winrate":0.5384615384615384,"cagr":-0.1740088168659446,"expectancy":-0.4018364946153848,"expectancy_ratio":-0.21491080372795845,"sortino":-9.659844421230021,"sharpe":-6.440336071602659,"calmar":-147.94416830245353,"sqn":-0.8983,"profit_factor":0.5343599252560901,"max_drawdown_account":0.006745921924296283,"max_drawdown_abs":6.75607397}],"left_open_trades":[{"key":"BTC/USDT","trades":1,"profit_mean":0.0002744458662416873,"profit_mean_pct":0.03,"profit_sum":0.0002744458662416873,"profit_sum_pct":0.03,"profit_total_abs":0.02728356,"profit_total":2.7283559999999998e-05,"profit_total_pct":0.0,"duration_avg":"20:00:00","wins":1,"draws":0,"losses":0,"winrate":1.0,"cagr":0.0009963323647361744,"expectancy":0.02728356,"expectancy_ratio":100.0,"sortino":-100,"sharpe":-100,"calmar":-100,"sqn":-100.0,"profit_factor":0.0,"max_drawdown_account":0.0,"max_drawdown_abs":0.0},{"key":"TOTAL","trades":1,"profit_mean":0.0002744458662416873,"profit_mean_pct":0.03,"profit_sum":0.0002744458662416873,"profit_sum_pct":0.03,"profit_total_abs":0.02728356,"profit_total":2.7283559999999998e-05,"profit_total_pct":0.0,"duration_avg":"20:00:00","wins":1,"draws":0,"losses":0,"winrate":1.0,"cagr":0.0009963323647361744,"expectancy":0.02728356,"expectancy_ratio":100.0,"sortino":-100,"sharpe":-100,"calmar":-100,"sqn":-100.0,"profit_factor":0.0,"max_drawdown_account":0.0,"max_drawdown_abs":0.0}],"total_trades":13,"trade_count_long":13,"trade_count_short":0,"total_volume":2587.4507784046846,"avg_stake_amount":99.51942003846155,"profit_mean":-0.004027734507532854,"profit_median":0.0002744458662416873,"profit_total":-0.00522387443,"profit_total_long":-0.00522387443,"profit_total_short":0.0,"profit_total_abs":-5.2238744299999995,"profit_total_long_abs":-5.2238744299999995,"profit_total_short_abs":0.0,"cagr":-0.1740088168659446,"expectancy":-0.4018364946153848,"expectancy_ratio":-0.21491080372795845,"sortino":-9.659844421230021,"sharpe":-6.440336071602659,"calmar":-147.94416830245353,"sqn":-0.8983,"profit_factor":0.5343599252560901,"backtest_start":"2025-04-10 00:00:00","backtest_start_ts":1744243200000,"backtest_end":"2025-04-20 00:00:00","backtest_end_ts":1745107200000,"backtest_days":10,"backtest_run_start_ts":1751392605,"backtest_run_end_ts":1751392605,"trades_per_day":1.3,"market_change":0.0341838807035822,"pairlist":["BTC/USDT"],"stake_amount":100,"stake_currency":"USDT","stake_currency_decimals":3,"starting_balance":1000,"dry_run_wallet":1000,"final_balance":994.77612557,"rejected_signals":0,"timedout_entry_orders":0,"timedout_exit_orders":0,"canceled_trade_entries":0,"canceled_entry_orders":0,"replaced_entry_orders":0,"max_open_trades":1,"max_open_trades_setting":1,"timeframe":"1h","timeframe_detail":"","timerange":"20250410-20250420","enable_protections":false,"strategy_name":"GeneratedStrategy","stoploss":-0.1,"trailing_stop":false,"trailing_stop_positive":null,"trailing_stop_positive_offset":0.0,"trailing_only_offset_is_reached":false,"use_custom_stoploss":false,"minimal_roi":{"60":0.01,"30":0.02,"0":0.04},"use_exit_signal":true,"exit_profit_only":false,"exit_profit_offset":0.0,"ignore_roi_if_entry_signal":false,"trading_mode":"spot","margin_mode":"","periodic_breakdown":{"day":[{"date":"10/04/2025","date_ts":1744243200000,"profit_abs":-3.46965107,"wins":0,"draws":0,"losses":1,"trades":1,"profit_factor":0.0},{"date":"11/04/2025","date_ts":1744329600000,"profit_abs":2.98331538,"wins":3,"draws":0,"losses":0,"trades":3,"profit_factor":0.0},{"date":"12/04/2025","date_ts":1744416000000,"profit_abs":1.99125167,"wins":2,"draws":0,"losses":0,"trades":2,"profit_factor":0.0},{"date":"13/04/2025","date_ts":1744502400000,"profit_abs":-3.21342661,"wins":0,"draws":0,"losses":2,"trades":2,"profit_factor":0.0},{"date":"14/04/2025","date_ts":1744588800000,"profit_abs":0.0,"wins":0,"draws":0,"losses":0,"trades":0,"profit_factor":0.0},{"date":"15/04/2025","date_ts":1744675200000,"profit_abs":-1.12292243,"wins":1,"draws":0,"losses":1,"trades":2,"profit_factor":0.46929158},{"date":"16/04/2025","date_ts":1744761600000,"profit_abs":-2.26472191,"wins":0,"draws":0,"losses":1,"trades":1,"profit_factor":0.0},{"date":"17/04/2025","date_ts":1744848000000,"profit_abs":0.0,"wins":0,"draws":0,"losses":0,"trades":0,"profit_factor":0.0},{"date":"18/04/2025","date_ts":1744934400000,"profit_abs":-0.15500302,"wins":0,"draws":0,"losses":1,"trades":1,"profit_factor":0.0},{"date":"19/04/2025","date_ts":1745020800000,"profit_abs":0.0,"wins":0,"draws":0,"losses":0,"trades":0,"profit_factor":0.0},{"date":"20/04/2025","date_ts":1745107200000,"profit_abs":0.02728356,"wins":1,"draws":0,"losses":0,"trades":1,"profit_factor":0.0}],"week":[{"date":"14/04/2025","date_ts":1744588800000,"profit_abs":-1.70851063,"wins":5,"draws":0,"losses":3,"trades":8,"profit_factor":0.74435272},{"date":"21/04/2025","date_ts":1745193600000,"profit_abs":-3.5153638,"wins":2,"draws":0,"losses":3,"trades":5,"profit_factor":0.22494276}],"month":[{"date":"30/04/2025","date_ts":1745971200000,"profit_abs":-5.22387443,"wins":7,"draws":0,"losses":6,"trades":13,"profit_factor":0.53435993}],"year":[{"date":"31/12/2025","date_ts":1767139200000,"profit_abs":-5.22387443,"wins":7,"draws":0,"losses":6,"trades":13,"profit_factor":0.53435993}]},"backtest_best_day":0.02997002997001011,"backtest_worst_day":-0.03478465660305578,"backtest_best_day_abs":2.98331538,"backtest_worst_day_abs":-3.46965107,"winning_days":3,"draw_days":3,"losing_days":5,"daily_profit":[["2025-04-10",-3.46965107],["2025-04-11",2.98331538],["2025-04-12",1.99125167],["2025-04-13",-3.21342661],["2025-04-14",0.0],["2025-04-15",-1.12292243],["2025-04-16",-2.26472191],["2025-04-17",0.0],["2025-04-18",-0.15500302],["2025-04-19",0.0],["2025-04-20",0.02728356]],"wins":7,"losses":6,"draws":0,"winrate":0.5384615384615384,"holding_avg":"13:18:00","holding_avg_s":47880.0,"winner_holding_min":"0d 01:00","winner_holding_min_s":3600.0,"winner_holding_max":"1d 03:00","winner_holding_max_s":97200.0,"winner_holding_avg":"0d 11:43","winner_holding_avg_s":42180.0,"loser_holding_min":"0d 01:00","loser_holding_min_s":3600.0,"loser_holding_max":"1d 17:00","loser_holding_max_s":147600.0,"loser_holding_avg":"0d 15:10","loser_holding_avg_s":54600.0,"max_consecutive_wins":5,"max_consecutive_losses":3,"max_drawdown_account":0.006745921924296283,"max_relative_drawdown":0.006745921924296283,"max_drawdown_abs":6.75607397,"drawdown_start":"2025-04-12 20:00:00","drawdown_start_ts":1744488000000.0,"drawdown_end":"2025-04-18 15:00:00","drawdown_end_ts":1744988400000.0,"max_drawdown_low":-5.25115799,"max_drawdown_high":1.5049159799999998,"csum_min":994.74884201,"csum_max":1001.50491598}},"strategy_comparison":[{"key":"GeneratedStrategy","trades":13,"profit_mean":-0.004027734507532854,"profit_mean_pct":-0.4,"profit_sum":-0.052360548597927103,"profit_sum_pct":-5.24,"profit_total_abs":-5.2238744299999995,"profit_total":-0.00522387443,"profit_total_pct":-0.52,"duration_avg":"13:18:00","wins":7,"draws":0,"losses":6,"winrate":0.5384615384615384,"cagr":-0.1740088168659446,"expectancy":-0.4018364946153848,"expectancy_ratio":-0.21491080372795845,"sortino":-9.659844421230021,"sharpe":-6.440336071602659,"calmar":-147.94416830245353,"sqn":-0.8983,"profit_factor":0.5343599252560901,"max_drawdown_account":0.006745921924296283,"max_drawdown_abs":"6.756"}]}