{"strategy":{"GeneratedStrategy":{"trades":[{"pair":"BTC/USDT","stake_amount":99.8437524,"max_stake_amount":99.8437524,"amount":0.00098,"open_date":"2025-06-23 09:00:00+00:00","close_date":"2025-06-23 18:00:00+00:00","open_rate":101881.38,"close_rate":103105.18036036036,"fee_open":0.001,"fee_close":0.001,"trade_duration":540,"profit_ratio":0.009990009949987414,"profit_abs":0.99843752,"exit_reason":"roi","initial_stop_loss_abs":91693.25,"initial_stop_loss_ratio":-0.1,"stop_loss_abs":91693.25,"stop_loss_ratio":-0.1,"min_rate":99613.33,"max_rate":103300.0,"is_open":false,"enter_tag":"","leverage":1.0,"is_short":false,"open_timestamp":1750669200000,"close_timestamp":1750701600000,"orders":[{"amount":0.00098,"safe_price":101881.38,"ft_order_side":"buy","order_filled_timestamp":1750669200000,"ft_is_entry":true,"ft_order_tag":"","cost":99.94359615239999},{"amount":0.00098,"safe_price":103105.18036036036,"ft_order_side":"sell","order_filled_timestamp":1750701600000,"ft_is_entry":false,"ft_order_tag":"roi","cost":101.1441198299063}],"funding_fees":0.0},{"pair":"BTC/USDT","stake_amount":99.9722751,"max_stake_amount":99.9722751,"amount":0.00093,"open_date":"2025-06-27 05:00:00+00:00","close_date":"2025-06-27 08:00:00+00:00","open_rate":107497.07,"close_rate":106869.72,"fee_open":0.001,"fee_close":0.001,"trade_duration":180,"profit_ratio":-0.007822314682969492,"profit_abs":-0.78279661,"exit_reason":"exit_signal","initial_stop_loss_abs":96747.37,"initial_stop_loss_ratio":-0.1,"stop_loss_abs":96747.37,"stop_loss_ratio":-0.1,"min_rate":106679.98,"max_rate":107735.34,"is_open":false,"enter_tag":"","leverage":1.0,"is_short":false,"open_timestamp":1751000400000,"close_timestamp":1751011200000,"orders":[{"amount":0.00093,"safe_price":107497.07,"ft_order_side":"buy","order_filled_timestamp":1751000400000,"ft_is_entry":true,"ft_order_tag":"","cost":100.0722473751},{"amount":0.00093,"safe_price":106869.72,"ft_order_side":"sell","order_filled_timestamp":1751011200000,"ft_is_entry":false,"ft_order_tag":"exit_signal","cost":99.48822843960001}],"funding_fees":0.0},{"pair":"BTC/USDT","stake_amount":99.7891209,"max_stake_amount":99.7891209,"amount":0.00093,"open_date":"2025-06-28 04:00:00+00:00","close_date":"2025-06-30 00:00:00+00:00","open_rate":107300.13,"close_rate":108589.02045045045,"fee_open":0.001,"fee_close":0.001,"trade_duration":2640,"profit_ratio":0.009990010000021112,"profit_abs":0.99789121,"exit_reason":"roi","initial_stop_loss_abs":96570.12,"initial_stop_loss_ratio":-0.1,"stop_loss_abs":96570.12,"stop_loss_ratio":-0.1,"min_rate":107084.15,"max_rate":108789.99,"is_open":false,"enter_tag":"","leverage":1.0,"is_short":false,"open_timestamp":1751083200000,"close_timestamp":1751241600000,"orders":[{"amount":0.00093,"safe_price":107300.13,"ft_order_side":"buy","order_filled_timestamp":1751083200000,"ft_is_entry":true,"ft_order_tag":"","cost":99.8889100209},{"amount":0.00093,"safe_price":108589.02045045045,"ft_order_side":"sell","order_filled_timestamp":1751241600000,"ft_is_entry":false,"ft_order_tag":"roi","cost":101.08877680793783}],"funding_fees":0.0}],"locks":[],"best_pair":{"key":"BTC/USDT","trades":3,"profit_mean":0.004052568422346345,"profit_mean_pct":0.41,"profit_sum":0.012157705267039035,"profit_sum_pct":1.22,"profit_total_abs":1.21353212,"profit_total":0.00121353212,"profit_total_pct":0.12,"duration_avg":"18:40:00","wins":2,"draws":0,"losses":1,"winrate":0.6666666666666666,"cagr":0.05689338386400555,"expectancy":0.40451070666666666,"expectancy_ratio":0.5167507134026383,"sortino":-100,"sharpe":3.4519107583172897,"calmar":370.5887100151403,"sqn":0.6814,"profit_factor":2.5502521402079146,"max_drawdown_account":0.0007820158160679955,"max_drawdown_abs":0.78279661},"worst_pair":{"key":"BTC/USDT","trades":3,"profit_mean":0.004052568422346345,"profit_mean_pct":0.41,"profit_sum":0.012157705267039035,"profit_sum_pct":1.22,"profit_total_abs":1.21353212,"profit_total":0.00121353212,"profit_total_pct":0.12,"duration_avg":"18:40:00","wins":2,"draws":0,"losses":1,"winrate":0.6666666666666666,"cagr":0.05689338386400555,"expectancy":0.40451070666666666,"expectancy_ratio":0.5167507134026383,"sortino":-100,"sharpe":3.4519107583172897,"calmar":370.5887100151403,"sqn":0.6814,"profit_factor":2.5502521402079146,"max_drawdown_account":0.0007820158160679955,"max_drawdown_abs":0.78279661},"results_per_pair":[{"key":"BTC/USDT","trades":3,"profit_mean":0.004052568422346345,"profit_mean_pct":0.41,"profit_sum":0.012157705267039035,"profit_sum_pct":1.22,"profit_total_abs":1.21353212,"profit_total":0.00121353212,"profit_total_pct":0.12,"duration_avg":"18:40:00","wins":2,"draws":0,"losses":1,"winrate":0.6666666666666666,"cagr":0.05689338386400555,"expectancy":0.40451070666666666,"expectancy_ratio":0.5167507134026383,"sortino":-100,"sharpe":3.4519107583172897,"calmar":370.5887100151403,"sqn":0.6814,"profit_factor":2.5502521402079146,"max_drawdown_account":0.0007820158160679955,"max_drawdown_abs":0.78279661},{"key":"TOTAL","trades":3,"profit_mean":0.004052568422346345,"profit_mean_pct":0.41,"profit_sum":0.012157705267039035,"profit_sum_pct":1.22,"profit_total_abs":1.21353212,"profit_total":0.00121353212,"profit_total_pct":0.12,"duration_avg":"18:40:00","wins":2,"draws":0,"losses":1,"winrate":0.6666666666666666,"cagr":0.05689338386400555,"expectancy":0.40451070666666666,"expectancy_ratio":0.5167507134026383,"sortino":-100,"sharpe":3.4519107583172897,"calmar":370.5887100151403,"sqn":0.6814,"profit_factor":2.5502521402079146,"max_drawdown_account":0.0007820158160679955,"max_drawdown_abs":0.78279661}],"results_per_enter_tag":[{"key":"","trades":3,"profit_mean":0.004052568422346345,"profit_mean_pct":0.41,"profit_sum":0.012157705267039035,"profit_sum_pct":1.22,"profit_total_abs":1.21353212,"profit_total":0.00121353212,"profit_total_pct":0.12,"duration_avg":"18:40:00","wins":2,"draws":0,"losses":1,"winrate":0.6666666666666666,"cagr":0.05689338386400555,"expectancy":0.40451070666666666,"expectancy_ratio":0.5167507134026383,"sortino":-100,"sharpe":3.4519107583172897,"calmar":370.5887100151403,"sqn":0.6814,"profit_factor":2.5502521402079146,"max_drawdown_account":0.0007820158160679955,"max_drawdown_abs":0.78279661},{"key":"TOTAL","trades":3,"profit_mean":0.004052568422346345,"profit_mean_pct":0.41,"profit_sum":0.012157705267039035,"profit_sum_pct":1.22,"profit_total_abs":1.21353212,"profit_total":0.00121353212,"profit_total_pct":0.12,"duration_avg":"18:40:00","wins":2,"draws":0,"losses":1,"winrate":0.6666666666666666,"cagr":0.05689338386400555,"expectancy":0.40451070666666666,"expectancy_ratio":0.5167507134026383,"sortino":-100,"sharpe":3.4519107583172897,"calmar":370.5887100151403,"sqn":0.6814,"profit_factor":2.5502521402079146,"max_drawdown_account":0.0007820158160679955,"max_drawdown_abs":0.78279661}],"exit_reason_summary":[{"key":"roi","trades":2,"profit_mean":0.009990009975004262,"profit_mean_pct":1.0,"profit_sum":0.019980019950008525,"profit_sum_pct":2.0,"profit_total_abs":1.99632873,"profit_total":0.00199632873,"profit_total_pct":0.2,"duration_avg":"1 day, 2:30:00","wins":2,"draws":0,"losses":0,"winrate":1.0,"cagr":0.09525991874644246,"expectancy":0.998164365,"expectancy_ratio":100.0,"sortino":-100,"sharpe":17453.372093790724,"calmar":-100,"sqn":3654.205,"profit_factor":0.0,"max_drawdown_account":0.0,"max_drawdown_abs":0.0},{"key":"exit_signal","trades":1,"profit_mean":-0.007822314682969492,"profit_mean_pct":-0.78,"profit_sum":-0.007822314682969492,"profit_sum_pct":-0.78,"profit_total_abs":-0.78279661,"profit_total":-0.00078279661,"profit_total_pct":-0.08,"duration_avg":"3:00:00","wins":0,"draws":0,"losses":1,"winrate":0.0,"cagr":-0.03509833217138458,"expectancy":-0.78279661,"expectancy_ratio":-1.0,"sortino":-100,"sharpe":-100,"calmar":-238.81216468178766,"sqn":-100.0,"profit_factor":0.0,"max_drawdown_account":0.0007827966099999913,"max_drawdown_abs":0.78279661},{"key":"TOTAL","trades":3,"profit_mean":0.004052568422346345,"profit_mean_pct":0.41,"profit_sum":0.012157705267039035,"profit_sum_pct":1.22,"profit_total_abs":1.21353212,"profit_total":0.00121353212,"profit_total_pct":0.12,"duration_avg":"18:40:00","wins":2,"draws":0,"losses":1,"winrate":0.6666666666666666,"cagr":0.05689338386400555,"expectancy":0.40451070666666666,"expectancy_ratio":0.5167507134026383,"sortino":-100,"sharpe":3.4519107583172897,"calmar":370.5887100151403,"sqn":0.6814,"profit_factor":2.5502521402079146,"max_drawdown_account":0.0007820158160679955,"max_drawdown_abs":0.78279661}],"mix_tag_stats":[{"key":["","roi"],"trades":2,"profit_mean":0.009990009975004262,"profit_mean_pct":1.0,"profit_sum":0.019980019950008525,"profit_sum_pct":2.0,"profit_total_abs":1.99632873,"profit_total":0.00199632873,"profit_total_pct":0.2,"duration_avg":"1 day, 2:30:00","wins":2,"draws":0,"losses":0,"winrate":1.0,"cagr":0.09525991874644246,"expectancy":0.998164365,"expectancy_ratio":100.0,"sortino":-100,"sharpe":17453.372093790724,"calmar":-100,"sqn":3654.205,"profit_factor":0.0,"max_drawdown_account":0.0,"max_drawdown_abs":0.0},{"key":["","exit_signal"],"trades":1,"profit_mean":-0.007822314682969492,"profit_mean_pct":-0.78,"profit_sum":-0.007822314682969492,"profit_sum_pct":-0.78,"profit_total_abs":-0.78279661,"profit_total":-0.00078279661,"profit_total_pct":-0.08,"duration_avg":"3:00:00","wins":0,"draws":0,"losses":1,"winrate":0.0,"cagr":-0.03509833217138458,"expectancy":-0.78279661,"expectancy_ratio":-1.0,"sortino":-100,"sharpe":-100,"calmar":-238.81216468178766,"sqn":-100.0,"profit_factor":0.0,"max_drawdown_account":0.0007827966099999913,"max_drawdown_abs":0.78279661},{"key":"TOTAL","trades":3,"profit_mean":0.004052568422346345,"profit_mean_pct":0.41,"profit_sum":0.012157705267039035,"profit_sum_pct":1.22,"profit_total_abs":1.21353212,"profit_total":0.00121353212,"profit_total_pct":0.12,"duration_avg":"18:40:00","wins":2,"draws":0,"losses":1,"winrate":0.6666666666666666,"cagr":0.05689338386400555,"expectancy":0.40451070666666666,"expectancy_ratio":0.5167507134026383,"sortino":-100,"sharpe":3.4519107583172897,"calmar":370.5887100151403,"sqn":0.6814,"profit_factor":2.5502521402079146,"max_drawdown_account":0.0007820158160679955,"max_drawdown_abs":0.78279661}],"left_open_trades":[{"key":"TOTAL","trades":0,"profit_mean":0.0,"profit_mean_pct":0.0,"profit_sum":0.0,"profit_sum_pct":0.0,"profit_total_abs":0.0,"profit_total":0.0,"profit_total_pct":0.0,"duration_avg":"0:00","wins":0,"draws":0,"losses":0,"winrate":0.0,"cagr":0.0,"expectancy":0.0,"expectancy_ratio":100.0,"sortino":0,"sharpe":0,"calmar":0,"sqn":0.0,"profit_factor":0.0,"max_drawdown_account":0.0,"max_drawdown_abs":0.0}],"total_trades":3,"trade_count_long":3,"trade_count_short":0,"total_volume":601.625878625844,"avg_stake_amount":99.8683828,"profit_mean":0.004052568422346345,"profit_median":0.009990009949987414,"profit_total":0.00121353212,"profit_total_long":0.00121353212,"profit_total_short":0.0,"profit_total_abs":1.21353212,"profit_total_long_abs":1.21353212,"profit_total_short_abs":0.0,"cagr":0.05689338386400555,"expectancy":0.40451070666666666,"expectancy_ratio":0.5167507134026383,"sortino":-100,"sharpe":3.4519107583172897,"calmar":370.5887100151403,"sqn":0.6814,"profit_factor":2.5502521402079146,"backtest_start":"2025-06-22 06:00:00","backtest_start_ts":1750572000000,"backtest_end":"2025-07-01 00:00:00","backtest_end_ts":1751328000000,"backtest_days":8,"backtest_run_start_ts":1751346528,"backtest_run_end_ts":1751346528,"trades_per_day":0.38,"market_change":0.045089190297160874,"pairlist":["BTC/USDT"],"stake_amount":100,"stake_currency":"USDT","stake_currency_decimals":3,"starting_balance":1000,"dry_run_wallet":1000,"final_balance":1001.21353212,"rejected_signals":0,"timedout_entry_orders":0,"timedout_exit_orders":0,"canceled_trade_entries":0,"canceled_entry_orders":0,"replaced_entry_orders":0,"max_open_trades":1,"max_open_trades_setting":3,"timeframe":"1h","timeframe_detail":"","timerange":"20250621-20250701","enable_protections":false,"strategy_name":"GeneratedStrategy","stoploss":-0.1,"trailing_stop":false,"trailing_stop_positive":null,"trailing_stop_positive_offset":0.0,"trailing_only_offset_is_reached":false,"use_custom_stoploss":false,"minimal_roi":{"60":0.01,"30":0.02,"0":0.04},"use_exit_signal":true,"exit_profit_only":false,"exit_profit_offset":0.0,"ignore_roi_if_entry_signal":false,"trading_mode":"spot","margin_mode":"","periodic_breakdown":{"day":[{"date":"23/06/2025","date_ts":1750636800000,"profit_abs":0.99843752,"wins":1,"draws":0,"losses":0,"trades":1,"profit_factor":0.0},{"date":"24/06/2025","date_ts":1750723200000,"profit_abs":0.0,"wins":0,"draws":0,"losses":0,"trades":0,"profit_factor":0.0},{"date":"25/06/2025","date_ts":1750809600000,"profit_abs":0.0,"wins":0,"draws":0,"losses":0,"trades":0,"profit_factor":0.0},{"date":"26/06/2025","date_ts":1750896000000,"profit_abs":0.0,"wins":0,"draws":0,"losses":0,"trades":0,"profit_factor":0.0},{"date":"27/06/2025","date_ts":1750982400000,"profit_abs":-0.78279661,"wins":0,"draws":0,"losses":1,"trades":1,"profit_factor":0.0},{"date":"28/06/2025","date_ts":1751068800000,"profit_abs":0.0,"wins":0,"draws":0,"losses":0,"trades":0,"profit_factor":0.0},{"date":"29/06/2025","date_ts":1751155200000,"profit_abs":0.0,"wins":0,"draws":0,"losses":0,"trades":0,"profit_factor":0.0},{"date":"30/06/2025","date_ts":1751241600000,"profit_abs":0.99789121,"wins":1,"draws":0,"losses":0,"trades":1,"profit_factor":0.0}],"week":[{"date":"23/06/2025","date_ts":1750636800000,"profit_abs":0.99843752,"wins":1,"draws":0,"losses":0,"trades":1,"profit_factor":0.0},{"date":"30/06/2025","date_ts":1751241600000,"profit_abs":0.2150946,"wins":1,"draws":0,"losses":1,"trades":2,"profit_factor":1.27477712}],"month":[{"date":"30/06/2025","date_ts":1751241600000,"profit_abs":1.21353212,"wins":2,"draws":0,"losses":1,"trades":3,"profit_factor":2.55025214}],"year":[{"date":"31/12/2025","date_ts":1767139200000,"profit_abs":1.21353212,"wins":2,"draws":0,"losses":1,"trades":3,"profit_factor":2.55025214}]},"backtest_best_day":0.009990010000021112,"backtest_worst_day":-0.007822314682969492,"backtest_best_day_abs":0.99843752,"backtest_worst_day_abs":-0.78279661,"winning_days":2,"draw_days":5,"losing_days":1,"daily_profit":[["2025-06-23",0.99843752],["2025-06-24",0.0],["2025-06-25",0.0],["2025-06-26",0.0],["2025-06-27",-0.78279661],["2025-06-28",0.0],["2025-06-29",0.0],["2025-06-30",0.99789121]],"wins":2,"losses":1,"draws":0,"winrate":0.6666666666666666,"holding_avg":"18:40:00","holding_avg_s":67200.0,"winner_holding_min":"0d 09:00","winner_holding_min_s":32400.0,"winner_holding_max":"1d 20:00","winner_holding_max_s":158400.0,"winner_holding_avg":"1d 02:30","winner_holding_avg_s":95400.0,"loser_holding_min":"0d 03:00","loser_holding_min_s":10800.0,"loser_holding_max":"0d 03:00","loser_holding_max_s":10800.0,"loser_holding_avg":"0d 03:00","loser_holding_avg_s":10800.0,"max_consecutive_wins":1,"max_consecutive_losses":1,"max_drawdown_account":0.0007820158160679955,"max_relative_drawdown":0.0007820158160679955,"max_drawdown_abs":0.78279661,"drawdown_start":"2025-06-23 18:00:00","drawdown_start_ts":1750701600000.0,"drawdown_end":"2025-06-27 08:00:00","drawdown_end_ts":1751011200000.0,"max_drawdown_low":0.21564090999999996,"max_drawdown_high":0.99843752,"csum_min":1000.21564091,"csum_max":1001.21353212}},"strategy_comparison":[{"key":"GeneratedStrategy","trades":3,"profit_mean":0.004052568422346345,"profit_mean_pct":0.41,"profit_sum":0.012157705267039035,"profit_sum_pct":1.22,"profit_total_abs":1.21353212,"profit_total":0.00121353212,"profit_total_pct":0.12,"duration_avg":"18:40:00","wins":2,"draws":0,"losses":1,"winrate":0.6666666666666666,"cagr":0.05689338386400555,"expectancy":0.40451070666666666,"expectancy_ratio":0.5167507134026383,"sortino":-100,"sharpe":3.4519107583172897,"calmar":370.5887100151403,"sqn":0.6814,"profit_factor":2.5502521402079146,"max_drawdown_account":0.0007820158160679955,"max_drawdown_abs":"0.783"}]}