{"strategy":{"TestPipelineStrategy":{"trades":[{"pair":"BTC/USDT","stake_amount":99.8437524,"max_stake_amount":99.8437524,"amount":0.00098,"open_date":"2025-06-23 09:00:00+00:00","close_date":"2025-06-23 18:00:00+00:00","open_rate":101881.38,"close_rate":103105.18036036036,"fee_open":0.001,"fee_close":0.001,"trade_duration":540,"profit_ratio":0.009990009949987414,"profit_abs":0.99843752,"exit_reason":"roi","initial_stop_loss_abs":91693.25,"initial_stop_loss_ratio":-0.1,"stop_loss_abs":91693.25,"stop_loss_ratio":-0.1,"min_rate":99613.33,"max_rate":103300.0,"is_open":false,"enter_tag":"","leverage":1.0,"is_short":false,"open_timestamp":1750669200000,"close_timestamp":1750701600000,"orders":[{"amount":0.00098,"safe_price":101881.38,"ft_order_side":"buy","order_filled_timestamp":1750669200000,"ft_is_entry":true,"ft_order_tag":"","cost":99.94359615239999},{"amount":0.00098,"safe_price":103105.18036036036,"ft_order_side":"sell","order_filled_timestamp":1750701600000,"ft_is_entry":false,"ft_order_tag":"roi","cost":101.1441198299063}],"funding_fees":0.0},{"pair":"BTC/USDT","stake_amount":99.8457569,"max_stake_amount":99.8457569,"amount":0.00097,"open_date":"2025-06-23 19:00:00+00:00","close_date":"2025-06-23 21:00:00+00:00","open_rate":102933.77,"close_rate":104170.21168168169,"fee_open":0.001,"fee_close":0.001,"trade_duration":120,"profit_ratio":0.009990010000015434,"profit_abs":0.99845757,"exit_reason":"roi","initial_stop_loss_abs":92640.4,"initial_stop_loss_ratio":-0.1,"stop_loss_abs":92640.4,"stop_loss_ratio":-0.1,"min_rate":102676.94,"max_rate":104214.28,"is_open":false,"enter_tag":"","leverage":1.0,"is_short":false,"open_timestamp":1750705200000,"close_timestamp":1750712400000,"orders":[{"amount":0.00097,"safe_price":102933.77,"ft_order_side":"buy","order_filled_timestamp":1750705200000,"ft_is_entry":true,"ft_order_tag":"","cost":99.94560265690001},{"amount":0.00097,"safe_price":104170.21168168169,"ft_order_side":"sell","order_filled_timestamp":1750712400000,"ft_is_entry":false,"ft_order_tag":"roi","cost":101.14615043656246}],"funding_fees":0.0},{"pair":"BTC/USDT","stake_amount":99.5572992,"max_stake_amount":99.5572992,"amount":0.00096,"open_date":"2025-06-23 22:00:00+00:00","close_date":"2025-06-23 23:00:00+00:00","open_rate":103705.52,"close_rate":105538.17,"fee_open":0.001,"fee_close":0.001,"trade_duration":60,"profit_ratio":0.01563836262497915,"profit_abs":1.55847006,"exit_reason":"roi","initial_stop_loss_abs":93334.97,"initial_stop_loss_ratio":-0.1,"stop_loss_abs":93334.97,"stop_loss_ratio":-0.1,"min_rate":103697.06,"max_rate":106074.2,"is_open":false,"enter_tag":"","leverage":1.0,"is_short":false,"open_timestamp":1750716000000,"close_timestamp":1750719600000,"orders":[{"amount":0.00096,"safe_price":103705.52,"ft_order_side":"buy","order_filled_timestamp":1750716000000,"ft_is_entry":true,"ft_order_tag":"","cost":99.65685649919999},{"amount":0.00096,"safe_price":105538.17,"ft_order_side":"sell","order_filled_timestamp":1750719600000,"ft_is_entry":false,"ft_order_tag":"roi","cost":101.4179598432}],"funding_fees":0.0},{"pair":"BTC/USDT","stake_amount":99.0139036,"max_stake_amount":99.0139036,"amount":0.00094,"open_date":"2025-06-24 00:00:00+00:00","close_date":"2025-06-25 01:00:00+00:00","open_rate":105333.94,"close_rate":106599.21255255253,"fee_open":0.001,"fee_close":0.001,"trade_duration":1500,"profit_ratio":0.009990010030367999,"profit_abs":0.99013904,"exit_reason":"roi","initial_stop_loss_abs":94800.55,"initial_stop_loss_ratio":-0.1,"stop_loss_abs":94800.55,"stop_loss_ratio":-0.1,"min_rate":104622.02,"max_rate":106616.01,"is_open":false,"enter_tag":"","leverage":1.0,"is_short":false,"open_timestamp":1750723200000,"close_timestamp":1750813200000,"orders":[{"amount":0.00094,"safe_price":105333.94,"ft_order_side":"buy","order_filled_timestamp":1750723200000,"ft_is_entry":true,"ft_order_tag":"","cost":99.1129175036},{"amount":0.00094,"safe_price":106599.21255255253,"ft_order_side":"sell","order_filled_timestamp":1750813200000,"ft_is_entry":false,"ft_order_tag":"roi","cost":100.30346305919876}],"funding_fees":0.0},{"pair":"BTC/USDT","stake_amount":98.9403006,"max_stake_amount":98.9403006,"amount":0.00093,"open_date":"2025-06-25 02:00:00+00:00","close_date":"2025-06-25 13:00:00+00:00","open_rate":106387.42,"close_rate":107665.34696696696,"fee_open":0.001,"fee_close":0.001,"trade_duration":660,"profit_ratio":0.009990010030398021,"profit_abs":0.98940301,"exit_reason":"roi","initial_stop_loss_abs":95748.68,"initial_stop_loss_ratio":-0.1,"stop_loss_abs":95748.68,"stop_loss_ratio":-0.1,"min_rate":106001.0,"max_rate":108130.24,"is_open":false,"enter_tag":"","leverage":1.0,"is_short":false,"open_timestamp":1750816800000,"close_timestamp":1750856400000,"orders":[{"amount":0.00093,"safe_price":106387.42,"ft_order_side":"buy","order_filled_timestamp":1750816800000,"ft_is_entry":true,"ft_order_tag":"","cost":99.03924090059999},{"amount":0.00093,"safe_price":107665.34696696696,"ft_order_side":"sell","order_filled_timestamp":1750856400000,"ft_is_entry":false,"ft_order_tag":"roi","cost":100.22890145195855}],"funding_fees":0.0},{"pair":"BTC/USDT","stake_amount":99.2893624,"max_stake_amount":99.2893624,"amount":0.00092,"open_date":"2025-06-25 14:00:00+00:00","close_date":"2025-06-27 00:00:00+00:00","open_rate":107923.22,"close_rate":106947.06,"fee_open":0.001,"fee_close":0.001,"trade_duration":2040,"profit_ratio":-0.011024879003485338,"profit_abs":-1.09574786,"exit_reason":"exit_signal","initial_stop_loss_abs":97130.9,"initial_stop_loss_ratio":-0.1,"stop_loss_abs":97130.9,"stop_loss_ratio":-0.1,"min_rate":106562.5,"max_rate":108272.45,"is_open":false,"enter_tag":"","leverage":1.0,"is_short":false,"open_timestamp":1750860000000,"close_timestamp":1750982400000,"orders":[{"amount":0.00092,"safe_price":107923.22,"ft_order_side":"buy","order_filled_timestamp":1750860000000,"ft_is_entry":true,"ft_order_tag":"","cost":99.38865176239999},{"amount":0.00092,"safe_price":106947.06,"ft_order_side":"sell","order_filled_timestamp":1750982400000,"ft_is_entry":false,"ft_order_tag":"exit_signal","cost":98.48968649519999}],"funding_fees":0.0},{"pair":"BTC/USDT","stake_amount":99.9722751,"max_stake_amount":99.9722751,"amount":0.00093,"open_date":"2025-06-27 05:00:00+00:00","close_date":"2025-06-27 08:00:00+00:00","open_rate":107497.07,"close_rate":106869.72,"fee_open":0.001,"fee_close":0.001,"trade_duration":180,"profit_ratio":-0.007822314682969492,"profit_abs":-0.78279661,"exit_reason":"exit_signal","initial_stop_loss_abs":96747.37,"initial_stop_loss_ratio":-0.1,"stop_loss_abs":96747.37,"stop_loss_ratio":-0.1,"min_rate":106679.98,"max_rate":107735.34,"is_open":false,"enter_tag":"","leverage":1.0,"is_short":false,"open_timestamp":1751000400000,"close_timestamp":1751011200000,"orders":[{"amount":0.00093,"safe_price":107497.07,"ft_order_side":"buy","order_filled_timestamp":1751000400000,"ft_is_entry":true,"ft_order_tag":"","cost":100.0722473751},{"amount":0.00093,"safe_price":106869.72,"ft_order_side":"sell","order_filled_timestamp":1751011200000,"ft_is_entry":false,"ft_order_tag":"exit_signal","cost":99.48822843960001}],"funding_fees":0.0},{"pair":"BTC/USDT","stake_amount":99.7891209,"max_stake_amount":99.7891209,"amount":0.00093,"open_date":"2025-06-28 04:00:00+00:00","close_date":"2025-06-30 00:00:00+00:00","open_rate":107300.13,"close_rate":108589.02045045045,"fee_open":0.001,"fee_close":0.001,"trade_duration":2640,"profit_ratio":0.009990010000021112,"profit_abs":0.99789121,"exit_reason":"roi","initial_stop_loss_abs":96570.12,"initial_stop_loss_ratio":-0.1,"stop_loss_abs":96570.12,"stop_loss_ratio":-0.1,"min_rate":107084.15,"max_rate":108789.99,"is_open":false,"enter_tag":"","leverage":1.0,"is_short":false,"open_timestamp":1751083200000,"close_timestamp":1751241600000,"orders":[{"amount":0.00093,"safe_price":107300.13,"ft_order_side":"buy","order_filled_timestamp":1751083200000,"ft_is_entry":true,"ft_order_tag":"","cost":99.8889100209},{"amount":0.00093,"safe_price":108589.02045045045,"ft_order_side":"sell","order_filled_timestamp":1751241600000,"ft_is_entry":false,"ft_order_tag":"roi","cost":101.08877680793783}],"funding_fees":0.0},{"pair":"BTC/USDT","stake_amount":98.929558,"max_stake_amount":98.929558,"amount":0.00091,"open_date":"2025-06-30 01:00:00+00:00","close_date":"2025-06-30 12:00:00+00:00","open_rate":108713.8,"close_rate":107654.21,"fee_open":0.001,"fee_close":0.001,"trade_duration":660,"profit_ratio":-0.011725128986948755,"profit_abs":-1.16112179,"exit_reason":"exit_signal","initial_stop_loss_abs":97842.42,"initial_stop_loss_ratio":-0.1,"stop_loss_abs":97842.42,"stop_loss_ratio":-0.1,"min_rate":107400.0,"max_rate":108770.0,"is_open":false,"enter_tag":"","leverage":1.0,"is_short":false,"open_timestamp":1751245200000,"close_timestamp":1751284800000,"orders":[{"amount":0.00091,"safe_price":108713.8,"ft_order_side":"buy","order_filled_timestamp":1751245200000,"ft_is_entry":true,"ft_order_tag":"","cost":99.028487558},{"amount":0.00091,"safe_price":107654.21,"ft_order_side":"sell","order_filled_timestamp":1751284800000,"ft_is_entry":false,"ft_order_tag":"exit_signal","cost":98.06329643109999}],"funding_fees":0.0}],"locks":[],"best_pair":{"key":"BTC/USDT","trades":9,"profit_mean":0.0038906766624850608,"profit_mean_pct":0.39,"profit_sum":0.03501608996236555,"profit_sum_pct":3.5,"profit_total_abs":3.49313215,"profit_total":0.00349313215,"profit_total_pct":0.35,"duration_avg":"15:33:00","wins":6,"draws":0,"losses":3,"winrate":0.6666666666666666,"cagr":0.17245101637339855,"expectancy":0.3881257944444445,"expectancy_ratio":0.3830609296342069,"sortino":50.52503327351294,"sharpe":8.25823059788514,"calmar":410.8286480477939,"sqn":1.0868,"profit_factor":2.149182788902621,"max_drawdown_account":0.0020305362204536197,"max_drawdown_abs":2.041775050000001},"worst_pair":{"key":"BTC/USDT","trades":9,"profit_mean":0.0038906766624850608,"profit_mean_pct":0.39,"profit_sum":0.03501608996236555,"profit_sum_pct":3.5,"profit_total_abs":3.49313215,"profit_total":0.00349313215,"profit_total_pct":0.35,"duration_avg":"15:33:00","wins":6,"draws":0,"losses":3,"winrate":0.6666666666666666,"cagr":0.17245101637339855,"expectancy":0.3881257944444445,"expectancy_ratio":0.3830609296342069,"sortino":50.52503327351294,"sharpe":8.25823059788514,"calmar":410.8286480477939,"sqn":1.0868,"profit_factor":2.149182788902621,"max_drawdown_account":0.0020305362204536197,"max_drawdown_abs":2.041775050000001},"results_per_pair":[{"key":"BTC/USDT","trades":9,"profit_mean":0.0038906766624850608,"profit_mean_pct":0.39,"profit_sum":0.03501608996236555,"profit_sum_pct":3.5,"profit_total_abs":3.49313215,"profit_total":0.00349313215,"profit_total_pct":0.35,"duration_avg":"15:33:00","wins":6,"draws":0,"losses":3,"winrate":0.6666666666666666,"cagr":0.17245101637339855,"expectancy":0.3881257944444445,"expectancy_ratio":0.3830609296342069,"sortino":50.52503327351294,"sharpe":8.25823059788514,"calmar":410.8286480477939,"sqn":1.0868,"profit_factor":2.149182788902621,"max_drawdown_account":0.0020305362204536197,"max_drawdown_abs":2.041775050000001},{"key":"TOTAL","trades":9,"profit_mean":0.0038906766624850608,"profit_mean_pct":0.39,"profit_sum":0.03501608996236555,"profit_sum_pct":3.5,"profit_total_abs":3.49313215,"profit_total":0.00349313215,"profit_total_pct":0.35,"duration_avg":"15:33:00","wins":6,"draws":0,"losses":3,"winrate":0.6666666666666666,"cagr":0.17245101637339855,"expectancy":0.3881257944444445,"expectancy_ratio":0.3830609296342069,"sortino":50.52503327351294,"sharpe":8.25823059788514,"calmar":410.8286480477939,"sqn":1.0868,"profit_factor":2.149182788902621,"max_drawdown_account":0.0020305362204536197,"max_drawdown_abs":2.041775050000001}],"results_per_enter_tag":[{"key":"","trades":9,"profit_mean":0.0038906766624850608,"profit_mean_pct":0.39,"profit_sum":0.03501608996236555,"profit_sum_pct":3.5,"profit_total_abs":3.49313215,"profit_total":0.00349313215,"profit_total_pct":0.35,"duration_avg":"15:33:00","wins":6,"draws":0,"losses":3,"winrate":0.6666666666666666,"cagr":0.17245101637339855,"expectancy":0.3881257944444445,"expectancy_ratio":0.3830609296342069,"sortino":50.52503327351294,"sharpe":8.25823059788514,"calmar":410.8286480477939,"sqn":1.0868,"profit_factor":2.149182788902621,"max_drawdown_account":0.0020305362204536197,"max_drawdown_abs":2.041775050000001},{"key":"TOTAL","trades":9,"profit_mean":0.0038906766624850608,"profit_mean_pct":0.39,"profit_sum":0.03501608996236555,"profit_sum_pct":3.5,"profit_total_abs":3.49313215,"profit_total":0.00349313215,"profit_total_pct":0.35,"duration_avg":"15:33:00","wins":6,"draws":0,"losses":3,"winrate":0.6666666666666666,"cagr":0.17245101637339855,"expectancy":0.3881257944444445,"expectancy_ratio":0.3830609296342069,"sortino":50.52503327351294,"sharpe":8.25823059788514,"calmar":410.8286480477939,"sqn":1.0868,"profit_factor":2.149182788902621,"max_drawdown_account":0.0020305362204536197,"max_drawdown_abs":2.041775050000001}],"exit_reason_summary":[{"key":"roi","trades":6,"profit_mean":0.010931402105961522,"profit_mean_pct":1.09,"profit_sum":0.06558841263576913,"profit_sum_pct":6.56,"profit_total_abs":6.53279841,"profit_total":0.0065327984099999995,"profit_total_pct":0.65,"duration_avg":"15:20:00","wins":6,"draws":0,"losses":0,"winrate":1.0,"cagr":0.3459358461284636,"expectancy":1.088799735,"expectancy_ratio":100.0,"sortino":-100,"sharpe":74.26363965373815,"calmar":-100,"sqn":11.5892,"profit_factor":0.0,"max_drawdown_account":0.0,"max_drawdown_abs":0.0},{"key":"exit_signal","trades":3,"profit_mean":-0.01019077422446786,"profit_mean_pct":-1.02,"profit_sum":-0.030572322673403582,"profit_sum_pct":-3.06,"profit_total_abs":-3.0396662599999997,"profit_total":-0.0030396662599999997,"profit_total_pct":-0.3,"duration_avg":"16:00:00","wins":0,"draws":0,"losses":3,"winrate":0.0,"cagr":-0.12968144478342192,"expectancy":-1.0132220866666666,"expectancy_ratio":-1.0,"sortino":-43.96605462718455,"sharpe":-43.96605462718455,"calmar":-238.81216468178576,"sqn":-8.6787,"profit_factor":0.0,"max_drawdown_account":0.0030396662599999897,"max_drawdown_abs":3.0396662599999997},{"key":"TOTAL","trades":9,"profit_mean":0.0038906766624850608,"profit_mean_pct":0.39,"profit_sum":0.03501608996236555,"profit_sum_pct":3.5,"profit_total_abs":3.49313215,"profit_total":0.00349313215,"profit_total_pct":0.35,"duration_avg":"15:33:00","wins":6,"draws":0,"losses":3,"winrate":0.6666666666666666,"cagr":0.17245101637339855,"expectancy":0.3881257944444445,"expectancy_ratio":0.3830609296342069,"sortino":50.52503327351294,"sharpe":8.25823059788514,"calmar":410.8286480477939,"sqn":1.0868,"profit_factor":2.149182788902621,"max_drawdown_account":0.0020305362204536197,"max_drawdown_abs":2.041775050000001}],"mix_tag_stats":[{"key":["","roi"],"trades":6,"profit_mean":0.010931402105961522,"profit_mean_pct":1.09,"profit_sum":0.06558841263576913,"profit_sum_pct":6.56,"profit_total_abs":6.53279841,"profit_total":0.0065327984099999995,"profit_total_pct":0.65,"duration_avg":"15:20:00","wins":6,"draws":0,"losses":0,"winrate":1.0,"cagr":0.3459358461284636,"expectancy":1.088799735,"expectancy_ratio":100.0,"sortino":-100,"sharpe":74.26363965373815,"calmar":-100,"sqn":11.5892,"profit_factor":0.0,"max_drawdown_account":0.0,"max_drawdown_abs":0.0},{"key":["","exit_signal"],"trades":3,"profit_mean":-0.01019077422446786,"profit_mean_pct":-1.02,"profit_sum":-0.030572322673403582,"profit_sum_pct":-3.06,"profit_total_abs":-3.0396662599999997,"profit_total":-0.0030396662599999997,"profit_total_pct":-0.3,"duration_avg":"16:00:00","wins":0,"draws":0,"losses":3,"winrate":0.0,"cagr":-0.12968144478342192,"expectancy":-1.0132220866666666,"expectancy_ratio":-1.0,"sortino":-43.96605462718455,"sharpe":-43.96605462718455,"calmar":-238.81216468178576,"sqn":-8.6787,"profit_factor":0.0,"max_drawdown_account":0.0030396662599999897,"max_drawdown_abs":3.0396662599999997},{"key":"TOTAL","trades":9,"profit_mean":0.0038906766624850608,"profit_mean_pct":0.39,"profit_sum":0.03501608996236555,"profit_sum_pct":3.5,"profit_total_abs":3.49313215,"profit_total":0.00349313215,"profit_total_pct":0.35,"duration_avg":"15:33:00","wins":6,"draws":0,"losses":3,"winrate":0.6666666666666666,"cagr":0.17245101637339855,"expectancy":0.3881257944444445,"expectancy_ratio":0.3830609296342069,"sortino":50.52503327351294,"sharpe":8.25823059788514,"calmar":410.8286480477939,"sqn":1.0868,"profit_factor":2.149182788902621,"max_drawdown_account":0.0020305362204536197,"max_drawdown_abs":2.041775050000001}],"left_open_trades":[{"key":"TOTAL","trades":0,"profit_mean":0.0,"profit_mean_pct":0.0,"profit_sum":0.0,"profit_sum_pct":0.0,"profit_total_abs":0.0,"profit_total":0.0,"profit_total_pct":0.0,"duration_avg":"0:00","wins":0,"draws":0,"losses":0,"winrate":0.0,"cagr":0.0,"expectancy":0.0,"expectancy_ratio":100.0,"sortino":0,"sharpe":0,"calmar":0,"sqn":0.0,"profit_factor":0.0,"max_drawdown_account":0.0,"max_drawdown_abs":0.0}],"total_trades":9,"trade_count_long":9,"trade_count_short":0,"total_volume":1797.4470932237639,"avg_stake_amount":99.46459212222223,"profit_mean":0.0038906766624850608,"profit_median":0.009990010000015434,"profit_total":0.00349313215,"profit_total_long":0.00349313215,"profit_total_short":0.0,"profit_total_abs":3.49313215,"profit_total_long_abs":3.49313215,"profit_total_short_abs":0.0,"cagr":0.17245101637339855,"expectancy":0.3881257944444445,"expectancy_ratio":0.3830609296342069,"sortino":50.52503327351294,"sharpe":8.25823059788514,"calmar":410.8286480477939,"sqn":1.0868,"profit_factor":2.149182788902621,"backtest_start":"2025-06-22 06:00:00","backtest_start_ts":1750572000000,"backtest_end":"2025-07-01 00:00:00","backtest_end_ts":1751328000000,"backtest_days":8,"backtest_run_start_ts":1751346904,"backtest_run_end_ts":1751346904,"trades_per_day":1.12,"market_change":0.045089190297160874,"pairlist":["BTC/USDT"],"stake_amount":100,"stake_currency":"USDT","stake_currency_decimals":3,"starting_balance":1000,"dry_run_wallet":1000,"final_balance":1003.49313215,"rejected_signals":0,"timedout_entry_orders":0,"timedout_exit_orders":0,"canceled_trade_entries":0,"canceled_entry_orders":0,"replaced_entry_orders":0,"max_open_trades":1,"max_open_trades_setting":3,"timeframe":"1h","timeframe_detail":"","timerange":"20250621-20250701","enable_protections":false,"strategy_name":"TestPipelineStrategy","stoploss":-0.1,"trailing_stop":false,"trailing_stop_positive":null,"trailing_stop_positive_offset":0.0,"trailing_only_offset_is_reached":false,"use_custom_stoploss":false,"minimal_roi":{"60":0.01,"30":0.02,"0":0.04},"use_exit_signal":true,"exit_profit_only":false,"exit_profit_offset":0.0,"ignore_roi_if_entry_signal":false,"trading_mode":"spot","margin_mode":"","periodic_breakdown":{"day":[{"date":"23/06/2025","date_ts":1750636800000,"profit_abs":3.55536515,"wins":3,"draws":0,"losses":0,"trades":3,"profit_factor":0.0},{"date":"24/06/2025","date_ts":1750723200000,"profit_abs":0.0,"wins":0,"draws":0,"losses":0,"trades":0,"profit_factor":0.0},{"date":"25/06/2025","date_ts":1750809600000,"profit_abs":1.97954205,"wins":2,"draws":0,"losses":0,"trades":2,"profit_factor":0.0},{"date":"26/06/2025","date_ts":1750896000000,"profit_abs":0.0,"wins":0,"draws":0,"losses":0,"trades":0,"profit_factor":0.0},{"date":"27/06/2025","date_ts":1750982400000,"profit_abs":-1.87854447,"wins":0,"draws":0,"losses":2,"trades":2,"profit_factor":0.0},{"date":"28/06/2025","date_ts":1751068800000,"profit_abs":0.0,"wins":0,"draws":0,"losses":0,"trades":0,"profit_factor":0.0},{"date":"29/06/2025","date_ts":1751155200000,"profit_abs":0.0,"wins":0,"draws":0,"losses":0,"trades":0,"profit_factor":0.0},{"date":"30/06/2025","date_ts":1751241600000,"profit_abs":-0.16323058,"wins":1,"draws":0,"losses":1,"trades":2,"profit_factor":0.85941993}],"week":[{"date":"23/06/2025","date_ts":1750636800000,"profit_abs":3.55536515,"wins":3,"draws":0,"losses":0,"trades":3,"profit_factor":0.0},{"date":"30/06/2025","date_ts":1751241600000,"profit_abs":-0.062233,"wins":3,"draws":0,"losses":3,"trades":6,"profit_factor":0.97952637}],"month":[{"date":"30/06/2025","date_ts":1751241600000,"profit_abs":3.49313215,"wins":6,"draws":0,"losses":3,"trades":9,"profit_factor":2.14918279}],"year":[{"date":"31/12/2025","date_ts":1767139200000,"profit_abs":3.49313215,"wins":6,"draws":0,"losses":3,"trades":9,"profit_factor":2.14918279}]},"backtest_best_day":0.035618382574982,"backtest_worst_day":-0.01884719368645483,"backtest_best_day_abs":3.55536515,"backtest_worst_day_abs":-1.87854447,"winning_days":2,"draw_days":4,"losing_days":2,"daily_profit":[["2025-06-23",3.55536515],["2025-06-24",0.0],["2025-06-25",1.97954205],["2025-06-26",0.0],["2025-06-27",-1.87854447],["2025-06-28",0.0],["2025-06-29",0.0],["2025-06-30",-0.16323058]],"wins":6,"losses":3,"draws":0,"winrate":0.6666666666666666,"holding_avg":"15:33:00","holding_avg_s":55980.0,"winner_holding_min":"0d 01:00","winner_holding_min_s":3600.0,"winner_holding_max":"1d 20:00","winner_holding_max_s":158400.0,"winner_holding_avg":"0d 15:20","winner_holding_avg_s":55200.0,"loser_holding_min":"0d 03:00","loser_holding_min_s":10800.0,"loser_holding_max":"1d 10:00","loser_holding_max_s":122400.0,"loser_holding_avg":"0d 16:00","loser_holding_avg_s":57600.0,"max_consecutive_wins":5,"max_consecutive_losses":2,"max_drawdown_account":0.0020305362204536197,"max_relative_drawdown":0.0020305362204536197,"max_drawdown_abs":2.041775050000001,"drawdown_start":"2025-06-25 13:00:00","drawdown_start_ts":1750856400000.0,"drawdown_end":"2025-06-30 12:00:00","drawdown_end_ts":1751284800000.0,"max_drawdown_low":3.493132149999999,"max_drawdown_high":5.5349072,"csum_min":1000.99843752,"csum_max":1005.5349072}},"strategy_comparison":[{"key":"TestPipelineStrategy","trades":9,"profit_mean":0.0038906766624850608,"profit_mean_pct":0.39,"profit_sum":0.03501608996236555,"profit_sum_pct":3.5,"profit_total_abs":3.49313215,"profit_total":0.00349313215,"profit_total_pct":0.35,"duration_avg":"15:33:00","wins":6,"draws":0,"losses":3,"winrate":0.6666666666666666,"cagr":0.17245101637339855,"expectancy":0.3881257944444445,"expectancy_ratio":0.3830609296342069,"sortino":50.52503327351294,"sharpe":8.25823059788514,"calmar":410.8286480477939,"sqn":1.0868,"profit_factor":2.149182788902621,"max_drawdown_account":0.0020305362204536197,"max_drawdown_abs":"2.042"}]}